Asset_Sub_Type,Elements
Amenity Building,Access Strip
Amenity Building,Alternator
Amenity Building,Balustrade
Amenity Building,Beams
Amenity Building,Cable and Pipe Management
Amenity Building,Ceiling
Amenity Building,Climate Control
Amenity Building,Distribution Board
Amenity Building,Distribution Network Operator Feeder
Amenity Building,Doors and Windows
Amenity Building,Drainage System
Amenity Building,Electrical System
Amenity Building,Electricity Meter
Amenity Building,Electricity Sub Meter
Amenity Building,Equipment Mounting Board
Amenity Building,External Features
Amenity Building,External Walls
Amenity Building,Fastenings
Amenity Building,Fire Protection
Amenity Building,Fixed Fall Arrest System
Amenity Building,Fixings
Amenity Building,Floor
Amenity Building,Foundation
Amenity Building,Frame
Amenity Building,Fuel Cell
Amenity Building,Gas System
Amenity Building,Grassed Elements
Amenity Building,Habitat Enhancement
Amenity Building,Handrail
Amenity Building,Heating System
Amenity Building,Hydro Turbine
Amenity Building,Incomer
Amenity Building,Internal Features
Amenity Building,Internal Walls
Amenity Building,Lighting
Amenity Building,Maintenance Hole
Amenity Building,Padlock or Lock
Amenity Building,Planted Elements
Amenity Building,Pump Out Point
Amenity Building,Roller Shutters
Amenity Building,Roof
Amenity Building,Security Camera
Amenity Building,Sewage Treatment System
Amenity Building,Solar Panel
Amenity Building,Substructure
Amenity Building,Transformer
Amenity Building,Treads and Risers
Amenity Building,Uninterruptible Power Supply
Amenity Building,Ventilation System
Amenity Building,Waste Disposal System
Amenity Building,Water Point
Amenity Building,Water Supply Plumbing System
Automation Controls,Automation Interface
Automation Controls,Distribution Board
Automation Controls,Distribution Network Operator Feeder
Automation Controls,Electrical System
Automation Controls,Electricity Meter
Automation Controls,Electricity Sub Meter
Automation Controls,Human Machine Interface
Automation Controls,Incomer
Automation Controls,Network
Automation Controls,Programmable Logic Computers
Automation Controls,Relay Control
Automation Controls,Router
Automation Controls,SCADA
Automation Controls,Server
Automation Controls,Transformer
Automation Controls,Uninterruptible Power Supply
Barrier Beach,Berm
Barrier Beach,Crest
Barrier Beach,Exposed Face
Barrier Beach,Landward Face
Barrier Beach,Shore
Beach,Berm
Beach,Crest
Beach,Shingle Bank
Beach,Shore
Beacon,Civils
Beacon,Daymark
Beacon,Electrical System
Beacon,Equipment Housing
Beacon,Fastenings
Beacon,Foghorn
Beacon,Navigation Light
Beacon,Positional Indicator
Beacon,Post
Beacon,Solar Panel
Beacon,TopMark
Beacon,Wind Turbine
Boat Lift,Access Strip
Boat Lift,Bearing Piling
Boat Lift,Gantry
Boat Lift,Gearbox
Boat Lift,Jib Crane
Boat Lift,Ladder
Boat Lift,Mooring Point
Boat Lift,Motor
Boat Lift,Piling
Boat Lift,Security Barrier
Boat Lift,Slope
Boat Lift,Stoplogs and Lasherboards
Boat Lift,Walkway
Boathouse,Alternator
Boathouse,Anchor and Chain
Boathouse,Ceiling
Boathouse,Climate Control
Boathouse,Distribution Board
Boathouse,Distribution Network Operator Feeder
Boathouse,Doors and Windows
Boathouse,Drainage System
Boathouse,Electrical System
Boathouse,Electricity Meter
Boathouse,Electricity Sub Meter
Boathouse,External Features
Boathouse,Fire Protection
Boathouse,Fixed Fall Arrest System
Boathouse,Floats
Boathouse,Floor
Boathouse,Foundation
Boathouse,Frame
Boathouse,Fuel Cell
Boathouse,Gas System
Boathouse,Heating System
Boathouse,Hydro Turbine
Boathouse,Incomer
Boathouse,Internal Features
Boathouse,Lighting
Boathouse,Roller Shutters
Boathouse,Roof
Boathouse,Security Camera
Boathouse,Solar Panel
Boathouse,Transformer
Boathouse,Treads and Risers
Boathouse,Uninterruptible Power Supply
Boathouse,Ventilation System
Boathouse,Waste Disposal System
Boathouse,Water Supply Plumbing System
Boatroller,Access Strip
Boatroller,Bearing Piling
Boatroller,Foundation
Boatroller,Frame
Boatroller,Gantry
Boatroller,Ladder
Boatroller,Mooring Point
Boatroller,Piling
Boatroller,Retaining Wall
Boatroller,Rollers
Boatroller,Security Barrier
Boatroller,Slope
Boatroller,Stoplogs and Lasherboards
Boatroller,Walkway
Boatroller,Winch
Borehole,Access Point
Borehole,Access Strip
Borehole,Borehole Cap
Borehole,Cable and Pipe Management
Borehole,Camera
Borehole,Casing
Borehole,Chamber
Borehole,Climate Control
Borehole,Common Controls
Borehole,Cover or Hatch
Borehole,Datum Plates and Markers
Borehole,Distribution Board
Borehole,Distribution Network Operator Feeder
Borehole,Electrical System
Borehole,Electricity Meter
Borehole,Electricity Sub Meter
Borehole,Equipment Housing
Borehole,Expansion Joint
Borehole,External Walls
Borehole,Fastenings
Borehole,Fixings
Borehole,Floor
Borehole,Foundation
Borehole,Frame
Borehole,Grassed Elements
Borehole,Incomer
Borehole,Ladder
Borehole,Lifting Chains and Sprockets
Borehole,Lighting
Borehole,Maintenance Hole
Borehole,Measurement Scale
Borehole,Padlock or Lock
Borehole,Pipe
Borehole,Pipe Flange
Borehole,Pipe Sleeve
Borehole,Pipe T Piece
Borehole,Pipe Valve
Borehole,Pipework
Borehole,Planted Elements
Borehole,Relay Control
Borehole,Seals
Borehole,Security Camera
Borehole,Sensor
Borehole,Shaft
Borehole,Solar Panel
Borehole,Struts and Bracing
Borehole,Substructure
Borehole,Surge Arrester
Borehole,Transformer
Borehole,Treads and Risers
Borehole,Vertical Extended Spindle
Borehole,Wind Turbine
Breakwater,Bearing Piling
Breakwater,Bedding Layer
Breakwater,Capping Beam
Breakwater,Crest
Breakwater,Exposed Face
Breakwater,Face Protection
Breakwater,Fishtail
Breakwater,Landward Face
Breakwater,Left Face
Breakwater,Mooring Point
Breakwater,Piling
Breakwater,Right Face
Breakwater,Roundhead
Breakwater,Sheet Piling
Breakwater,Treads and Risers
Breakwater,Waling
Bridge Abutment,Berm
Bridge Abutment,Channel Side
Bridge Abutment,Crest
Bridge Abutment,Exposed Face
Bridge Abutment,Landward Face
Bridge Abutment,Shore
Bridge,Abutment
Bridge,Automation Interface
Bridge,Balustrade
Bridge,Bollard
Bridge,Cable and Pipe Management
Bridge,Channel Bed
Bridge,Deck
Bridge,Drive Assembly
Bridge,Foundation
Bridge,Handrail
Bridge,Pillar
Bridge,Security Barrier
Bridge,Span
Bridge,Treads and Risers
Buoy,Anchor and Chain
Buoy,Daymark
Buoy,Fastenings
Buoy,Foghorn
Buoy,Frame
Buoy,Mooring Point
Buoy,Navigation Light
Buoy,Positional Indicator
Buoy,Post
Buoy,TopMark
Cableway,Access Point
Cableway,Access Strip
Cableway,Beams
Cableway,Cable and Pipe Management
Cableway,Chain Blocks
Cableway,Drive Assembly
Cableway,Equipment Housing
Cableway,Fixings
Cableway,Foundation
Cableway,Frame
Cableway,Padlock or Lock
Cableway,Ropes
Cableway,Stanchions and Anchors
Cableway,Structural Steelwork
Cableway,Treads and Risers
Cableway,Winch
Canoe Pass,Access Strip
Canoe Pass,Bearing Piling
Canoe Pass,Chamber
Canoe Pass,Channel Bed
Canoe Pass,Gantry
Canoe Pass,Ladder
Canoe Pass,Left Bank Wall
Canoe Pass,Mooring Point
Canoe Pass,Piling
Canoe Pass,Right Bank Wall
Canoe Pass,Security Barrier
Canoe Pass,Slope
Canoe Pass,Stoplogs and Lasherboards
Canoe Pass,Walkway
Canoe Portage Point,Access Strip
Canoe Portage Point,Anchor and Chain
Canoe Portage Point,Bearing Piling
Canoe Portage Point,Capping Beam
Canoe Portage Point,Deck
Canoe Portage Point,Fender
Canoe Portage Point,Gantry
Canoe Portage Point,Habitat Enhancement
Canoe Portage Point,Mooring Point
Canoe Portage Point,Piling
Canoe Portage Point,Security Barrier
Canoe Portage Point,Sheet Piling
Canoe Portage Point,Slope
Canoe Portage Point,Treads and Risers
Car Park or Hardstanding,Access Point
Car Park or Hardstanding,Access Strip
Car Park or Hardstanding,Bollard
Car Park or Hardstanding,Drainage Ditch
Car Park or Hardstanding,Drainage System
Car Park or Hardstanding,Grassed Elements
Car Park or Hardstanding,Kerbs
Car Park or Hardstanding,Lighting
Car Park or Hardstanding,Parking Surface
Car Park or Hardstanding,Road
Car Park or Hardstanding,Security Barrier
Car Park or Hardstanding,Security Camera
CCTV Camera System,Camera
CCTV Camera System,Civils
CCTV Camera System,Distribution Board
CCTV Camera System,Distribution Network Operator Feeder
CCTV Camera System,Electrical System
CCTV Camera System,Electricity Meter
CCTV Camera System,Electricity Sub Meter
CCTV Camera System,Equipment Housing
CCTV Camera System,Fastenings
CCTV Camera System,Foundation
CCTV Camera System,Incomer
CCTV Camera System,Mast
CCTV Camera System,Sensor
CCTV Camera System,Solar Panel
CCTV Camera System,Transformer
CCTV Camera System,Treads and Risers
CCTV Camera System,Wind Turbine
Central Pier,Access Point
Central Pier,Deck
Central Pier,Expansion Joint
Central Pier,External Features
Central Pier,Foundation
Central Pier,Roof
Central Pier,Treads and Risers
Cliff,Cliff Top
Cliff,Drainage Ditch
Cliff,Exposed Face
Cliff,Exposed Toe
Cliff,Face Protection
Complex Culvert,Apron
Complex Culvert,Channel Bed
Complex Culvert,Downstream Headwall
Complex Culvert,Left Culvert Wall
Complex Culvert,Maintenance Hole
Complex Culvert,Right Culvert Wall
Complex Culvert,Soffit
Complex Culvert,Upstream Headwall
Control Building,Access Strip
Control Building,Alternator
Control Building,Beams
Control Building,Cable and Pipe Management
Control Building,Ceiling
Control Building,Civils
Control Building,Climate Control
Control Building,Datum Plates and Markers
Control Building,Distribution Board
Control Building,Distribution Network Operator Feeder
Control Building,Doors and Windows
Control Building,Drainage System
Control Building,Electrical System
Control Building,Electricity Meter
Control Building,Electricity Sub Meter
Control Building,Equipment Housing
Control Building,Equipment Mounting Board
Control Building,External Features
Control Building,External Walls
Control Building,Fastenings
Control Building,Fire Protection
Control Building,Fixed Fall Arrest System
Control Building,Fixings
Control Building,Floor
Control Building,Foundation
Control Building,Frame
Control Building,Fuel Cell
Control Building,Gas System
Control Building,Grassed Elements
Control Building,Habitat Enhancement
Control Building,Heating System
Control Building,Hydro Turbine
Control Building,Incomer
Control Building,Internal Features
Control Building,Internal Walls
Control Building,Ladder
Control Building,Lighting
Control Building,Maintenance Hole
Control Building,Padlock or Lock
Control Building,Planted Elements
Control Building,Roller Shutters
Control Building,Roof
Control Building,Security Camera
Control Building,Sewage Treatment System
Control Building,Solar Panel
Control Building,Structural Steelwork
Control Building,Substructure
Control Building,Transformer
Control Building,Treads and Risers
Control Building,Uninterruptible Power Supply
Control Building,Ventilation System
Control Building,Waste Disposal System
Control Building,Water Supply Plumbing System
Control Building,Wind Turbine
Control Gate,Actuator
Control Gate,Alternator
Control Gate,Apron
Control Gate,Balance Beam
Control Gate,Balance Weight
Control Gate,Cathodic Protection
Control Gate,Central Support Structure
Control Gate,Chains
Control Gate,Cill
Control Gate,Dampers
Control Gate,Davit
Control Gate,Displacer System
Control Gate,Distribution Board
Control Gate,Distribution Network Operator Feeder
Control Gate,Drive Assembly
Control Gate,Electrical System
Control Gate,Electricity Meter
Control Gate,Electricity Sub Meter
Control Gate,Face Plate
Control Gate,Fixed Fall Arrest System
Control Gate,Flap Valve
Control Gate,Foghorn
Control Gate,Frame
Control Gate,Fuel Cell
Control Gate,Gantry
Control Gate,Gate
Control Gate,Gearbox
Control Gate,Hydro Turbine
Control Gate,Incomer
Control Gate,Jib Crane
Control Gate,Ladder
Control Gate,Left Bank Wall
Control Gate,Lifting Chains and Sprockets
Control Gate,Lifting Ropes and Drums
Control Gate,Motor
Control Gate,Navigation Light
Control Gate,Overhead Crane
Control Gate,Pontoon
Control Gate,Right Bank Wall
Control Gate,Seals
Control Gate,Solar Panel
Control Gate,Springs
Control Gate,Stoplogs and Lasherboards
Control Gate,Structural Steelwork
Control Gate,Struts and Bracing
Control Gate,Transformer
Control Gate,Treads and Risers
Control Gate,Uninterruptible Power Supply
Control Gate,Winch
Control Gate,Wind Turbine
Control Gate,Wire Ropes
Debris Boom,Access Strip
Debris Boom,Anchor and Chain
Debris Boom,Barrier Fixings
Debris Boom,Bearing Piling
Debris Boom,Central Support Structure
Debris Boom,Fastenings
Debris Boom,Fixings
Debris Boom,Floats
Debris Boom,Gantry
Debris Boom,Guide Pile
Debris Boom,Ladder
Debris Boom,Left Bank Wall
Debris Boom,Padlock or Lock
Debris Boom,Piling
Debris Boom,Post
Debris Boom,Right Bank Wall
Debris Boom,Ropes
Debris Boom,Treads and Risers
Debris Screen,Access Point
Debris Screen,Access Strip
Debris Screen,Alternator
Debris Screen,Articulated Arm
Debris Screen,Balustrade
Debris Screen,Central Support Structure
Debris Screen,Cover or Hatch
Debris Screen,Davit
Debris Screen,Distribution Board
Debris Screen,Distribution Network Operator Feeder
Debris Screen,Electrical System
Debris Screen,Electricity Meter
Debris Screen,Electricity Sub Meter
Debris Screen,Equipment Housing
Debris Screen,Fill
Debris Screen,Fixed Fall Arrest System
Debris Screen,Foundation
Debris Screen,Frame
Debris Screen,Fuel Cell
Debris Screen,Gantry
Debris Screen,Gearbox
Debris Screen,Ground Anchors
Debris Screen,Handrail
Debris Screen,Heating System
Debris Screen,Hydro Turbine
Debris Screen,Incomer
Debris Screen,Ladder
Debris Screen,Left Bank Wall
Debris Screen,Motor
Debris Screen,Overhead Crane
Debris Screen,Padlock or Lock
Debris Screen,Right Bank Wall
Debris Screen,Rotating Comb
Debris Screen,Rotating Drum
Debris Screen,Screen
Debris Screen,Silt Trap
Debris Screen,Solar Panel
Debris Screen,Structural Steelwork
Debris Screen,Transformer
Debris Screen,Treads and Risers
Debris Screen,Uninterruptible Power Supply
Debris Screen,Upstream Headwall
Debris Screen,Vertical Grab
Debris Screen,Winch
Debris Screen,Wind Turbine
Demountable Defence,Barrier
Demountable Defence,Barrier Fixings
Demountable Defence,Berm
Demountable Defence,Channel Side
Demountable Defence,Open Gap
Demountable Defence,Seals
Demountable Defence,Shore
Dock,Access Strip
Dock,Apron
Dock,Bollard
Dock,Chamber
Dock,Cill
Dock,Dock Face
Dock,Gantry
Dock,Ladder
Dock,Left Bank Wall
Dock,Lock Gate
Dock,Mooring Point
Dock,Pump
Dock,Right Bank Wall
Dock,Roof
Dock,Service Pedestal
Dock,Water Point
Dolphin,Bearing Piling
Dolphin,Gantry
Dolphin,Mooring Point
Dolphin,Piling
Draw Off Tower,Gantry
Draw Off Tower,Intake Tower
Draw Off Tower,Pipe
Draw Off Tower,Pipe Valve
Draw Off Tower,Treads and Risers
Dunes,Active Zone
Dunes,Boardwalk
Dunes,Stabilised Zone
Dunes,Vegetation Cover
Embankment,Access Strip
Embankment,Asset Transition
Embankment,Bearing Piling
Embankment,Berm
Embankment,Capping Beam
Embankment,Channel Side
Embankment,Core
Embankment,Crest
Embankment,Exposed Face
Embankment,Exposed Toe
Embankment,Fill
Embankment,Landward Face
Embankment,Landward Toe
Embankment,Pile Capping
Embankment,Piling
Embankment,Retaining Wall
Embankment,Sheet Piling
Embankment,Shore
Embankment,Toe Drain
Engine Assembly,Cooling System
Engine Assembly,Engine
Engine Assembly,Exhaust System
Engine Assembly,Fuel System
Engine Assembly,Gearbox
Engineered High Ground,Access Strip
Engineered High Ground,Bearing Piling
Engineered High Ground,Berm
Engineered High Ground,Capping Beam
Engineered High Ground,Channel Side
Engineered High Ground,Coping
Engineered High Ground,Expansion Joint
Engineered High Ground,Ground Anchors
Engineered High Ground,High Ground
Engineered High Ground,Piling
Engineered High Ground,Retaining Wall
Engineered High Ground,Sheet Piling
Engineered High Ground,Shore
Fish or Eel Barrier,Access Point
Fish or Eel Barrier,Access Strip
Fish or Eel Barrier,Band Screen
Fish or Eel Barrier,Cable and Pipe Management
Fish or Eel Barrier,Central Support Structure
Fish or Eel Barrier,Chain Blocks
Fish or Eel Barrier,Channel Bed
Fish or Eel Barrier,Equipment Housing
Fish or Eel Barrier,Fish Guidance and Deterrents
Fish or Eel Barrier,Fish or Eel Screen
Fish or Eel Barrier,Frame
Fish or Eel Barrier,Left Bank Wall
Fish or Eel Barrier,Lighting
Fish or Eel Barrier,Padlock or Lock
Fish or Eel Barrier,Pipe
Fish or Eel Barrier,Right Bank Wall
Fish or Eel Barrier,Ropes
Fish or Eel Barrier,Sensor
Fish or Eel Barrier,Solar Panel
Fish or Eel Barrier,Stanchions and Anchors
Fish or Eel Barrier,Treads and Risers
Fish Pass,Access Point
Fish Pass,Access Strip
Fish Pass,Apron
Fish Pass,Band Screen
Fish Pass,Bristle Mats
Fish Pass,Cable and Pipe Management
Fish Pass,Capping Beam
Fish Pass,Central Support Structure
Fish Pass,Chamber
Fish Pass,Channel
Fish Pass,Channel Bed
Fish Pass,Cill
Fish Pass,Cover or Hatch
Fish Pass,Crest
Fish Pass,Dampers
Fish Pass,Datum Plates and Markers
Fish Pass,Deflector
Fish Pass,Distribution Board
Fish Pass,Distribution Network Operator Feeder
Fish Pass,Downstream Face
Fish Pass,Downstream Headwall
Fish Pass,Eel Tiles
Fish Pass,Electrical System
Fish Pass,Electricity Meter
Fish Pass,Electricity Sub Meter
Fish Pass,Equipment Housing
Fish Pass,Excavated Ground
Fish Pass,Expansion Joint
Fish Pass,Face Plate
Fish Pass,Face Protection
Fish Pass,Fastenings
Fish Pass,Fixed Fall Arrest system
Fish Pass,Fixings
Fish Pass,Foundation
Fish Pass,Frame
Fish Pass,Fuel Cell
Fish Pass,Gantry
Fish Pass,Habitat Enhancement
Fish Pass,Hydro Turbine
Fish Pass,Incomer
Fish Pass,Inlet
Fish Pass,Ladder
Fish Pass,Left Face
Fish Pass,Maintenance Hole
Fish Pass,Mooring Point
Fish Pass,Navigation Light
Fish Pass,Outlet
Fish Pass,Padlock or Lock
Fish Pass,Pass Baffles
Fish Pass,Pass Channel
Fish Pass,Pipe
Fish Pass,Pipework
Fish Pass,Pre-Barrage
Fish Pass,Retaining Wall
Fish Pass,Right Face
Fish Pass,Seals
Fish Pass,Sensor
Fish Pass,Sheet Piling
Fish Pass,Silt Trap
Fish Pass,Solar Panel
Fish Pass,Springs
Fish Pass,Stoplogs and Lasherboards
Fish Pass,Struts and Bracing
Fish Pass,Substructure
Fish Pass,Transformer
Fish Pass,Treads and Risers
Fish Pass,Uninterruptible Power Supply
Fish Pass,Upstream Face
Fish Pass,Upstream Headwall
Fish Pass,Winch
Fish Pass,Wind Turbine
Fish Refuge,Access Point
Fish Refuge,Access Strip
Fish Refuge,Anchor and Chain
Fish Refuge,Animal Feeding Station
Fish Refuge,Balustrade
Fish Refuge,Floats
Fish Refuge,Gantry
Fish Refuge,Handrail
Fish Refuge,Ladder
Fish Refuge,Lifting Ropes and Drums
Fish Refuge,Lighting
Fish Refuge,Mooring Line Tensioners
Fish Refuge,Mooring Point
Fish Refuge,Netting and Non Reinforcement Mesh
Fish Refuge,Shackles
Fish Refuge,Treads and Risers
Fishing Cage,Access Point
Fishing Cage,Access Strip
Fishing Cage,Animal Feeding Station
Fishing Cage,Balustrade
Fishing Cage,Floats
Fishing Cage,Gantry
Fishing Cage,Handrail
Fishing Cage,Ladder
Fishing Cage,Lifting Ropes and Drums
Fishing Cage,Lighting
Fishing Cage,Mooring Line Tensioners
Fishing Cage,Mooring Point
Fishing Cage,Netting and Non Reinforcement Mesh
Fishing Cage,Shackles
Fishing Cage,Treads and Risers
Fishing Platform,Access Point
Fishing Platform,Access Strip
Fishing Platform,Balustrade
Fishing Platform,Deck
Fishing Platform,Fixed Seats
Fishing Platform,Handrail
Fishing Platform,Ladder
Fishing Platform,Treads and Risers
Flood Gate,Actuator
Flood Gate,Berm
Flood Gate,Cathodic Protection
Flood Gate,Channel Side
Flood Gate,Cill
Flood Gate,Davit
Flood Gate,Fastenings
Flood Gate,Frame
Flood Gate,Gate
Flood Gate,Gearbox
Flood Gate,Jib Crane
Flood Gate,Motor
Flood Gate,Overhead Crane
Flood Gate,Seals
Flood Gate,Shore
Flood Gate,Stoplogs and Lasherboards
Flood Gate,Winch
Flood Warning System,Equipment Housing
Flood Warning System,Fastenings
Flood Warning System,Fixings
Flood Warning System,Flood Warning Lamp
Flood Warning System,Flood Warning Sign
Flood Warning System,Flood Warning Siren
Flood Warning System,Treads and Risers
Ford,Flood Warning Sign
Ford,Road
Garage,Alternator
Garage,Ceiling
Garage,Climate Control
Garage,Distribution Board
Garage,Distribution Network Operator Feeder
Garage,Doors and Windows
Garage,Drainage System
Garage,Electrical System
Garage,Electricity Meter
Garage,Electricity Sub Meter
Garage,External Features
Garage,External Walls
Garage,Fire Protection
Garage,Fixed Fall Arrest System
Garage,Floor
Garage,Foundation
Garage,Frame
Garage,Gas System
Garage,Heating System
Garage,Incomer
Garage,Internal Features
Garage,Lighting
Garage,Roller Shutters
Garage,Roof
Garage,Security Camera
Garage,Solar Panel
Garage,Transformer
Garage,Treads and Risers
Garage,Uninterruptible Power Supply
Garage,Ventilation System
Garage,Waste Disposal System
Garage,Water Supply Plumbing System
Gauge Board,Fastenings
Gauge Board,Fixings
Gauge Board,Foundation
Gauge Board,Gauge Backing Board
Gauge Board,Measurement Scale
Gauge Board,Post
Gauge Board,Treads and Risers
Gauging Station Building,Access Strip
Gauging Station Building,Alternator
Gauging Station Building,Beams
Gauging Station Building,Cable and Pipe Management
Gauging Station Building,Ceiling
Gauging Station Building,Civils
Gauging Station Building,Climate Control
Gauging Station Building,Datum Plates and Markers
Gauging Station Building,Distribution Board
Gauging Station Building,Distribution Network Operator Feeder
Gauging Station Building,Doors and Windows
Gauging Station Building,Drainage System
Gauging Station Building,Electrical System
Gauging Station Building,Electricity Meter
Gauging Station Building,Electricity Sub Meter
Gauging Station Building,Equipment Housing
Gauging Station Building,Equipment Mounting Board
Gauging Station Building,External Features
Gauging Station Building,External Walls
Gauging Station Building,Fastenings
Gauging Station Building,Fire Protection
Gauging Station Building,Fixed Fall Arrest System
Gauging Station Building,Fixings
Gauging Station Building,Floor
Gauging Station Building,Foundation
Gauging Station Building,Frame
Gauging Station Building,Fuel Cell
Gauging Station Building,Gantry
Gauging Station Building,Gas System
Gauging Station Building,Grassed Elements
Gauging Station Building,Habitat Enhancement
Gauging Station Building,Heating System
Gauging Station Building,Hydro Turbine
Gauging Station Building,Incomer
Gauging Station Building,Internal Features
Gauging Station Building,Internal Walls
Gauging Station Building,Ladder
Gauging Station Building,Lighting
Gauging Station Building,Maintenance Hole
Gauging Station Building,Padlock or Lock
Gauging Station Building,Planted Elements
Gauging Station Building,Roller Shutters
Gauging Station Building,Roof
Gauging Station Building,Security Camera
Gauging Station Building,Solar Panel
Gauging Station Building,Substructure
Gauging Station Building,Transformer
Gauging Station Building,Treads and Risers
Gauging Station Building,Uninterruptible Power Supply
Gauging Station Building,Ventilation System
Gauging Station Building,Waste Disposal System
Gauging Station Building,Water Supply Plumbing System
Generator,Alternator
Generator,Common Controls
Generator,Distribution Board
Generator,Distribution Network Operator Feeder
Generator,Electrical System
Generator,Electricity Meter
Generator,Electricity Sub Meter
Generator,Equipment Housing
Generator,Fuel System
Generator,Gearbox
Generator,Incomer
Generator,Transformer
Generator,Ventilation System
Groyne,Bearing Piling
Groyne,Capping Beam
Groyne,Crest
Groyne,Fishtail
Groyne,Left Face
Groyne,Piling
Groyne,Right Face
Groyne,Roundhead
Groyne,Sheet Piling
Groyne,Stem
Groyne,Treads and Risers
Groyne,Waling
High Voltage Electrical Equipment,Control Equipment
High Voltage Electrical Equipment,Distribution Board
High Voltage Electrical Equipment,Distribution Network Operator Feeder
High Voltage Electrical Equipment,Electrical System
High Voltage Electrical Equipment,Electricity Meter
High Voltage Electrical Equipment,Electricity Sub Meter
High Voltage Electrical Equipment,Incomer
High Voltage Electrical Equipment,Power Factor Correction Capacitor
High Voltage Electrical Equipment,Surge Arrester
High Voltage Electrical Equipment,Switchgear
High Voltage Electrical Equipment,Transformer
Hydraulic System Assembly,Common Controls
Hydraulic System Assembly,Display
Hydraulic System Assembly,Gearbox
Hydraulic System Assembly,Hydraulic Rams
Hydraulic System Assembly,Hydraulic System
Hydraulic System Assembly,Programmable Logic Computers
Hydraulic System Assembly,Sensor
Hydraulic System Assembly,Starter
In Channel Stoplogs,Central Support Structure
In Channel Stoplogs,Davit
In Channel Stoplogs,Gantry
In Channel Stoplogs,Jib Crane
In Channel Stoplogs,Ladder
In Channel Stoplogs,Left Bank Wall
In Channel Stoplogs,Overhead Crane
In Channel Stoplogs,Right Bank Wall
In Channel Stoplogs,Stoplogs and Lasherboards
In Channel Stoplogs,Treads and Risers
In Channel Stoplogs,Winch
Information Board,Civils
Information Board,Electrical System
Information Board,Equipment Housing
Information Board,Equipment Mounting Board
Information Board,Fixings
Information Board,Foundation
Information Board,Frame
Information Board,Solar Panel
Information Board,Wind Turbine
Inspection Chamber,Access Strip
Inspection Chamber,Cable and Pipe Management
Inspection Chamber,Cover or Hatch
Inspection Chamber,Drainage System
Inspection Chamber,Equipment Mounting Board
Inspection Chamber,Fastenings
Inspection Chamber,Fixings
Inspection Chamber,Floor
Inspection Chamber,Frame
Inspection Chamber,Hoist
Inspection Chamber,Internal Features
Inspection Chamber,Ladder
Inspection Chamber,Padlock or Lock
Inspection Chamber,Shaft
Inspection Chamber,Structural Steelwork
Inspection Chamber,Substructure
Inspection Chamber,Treads and Risers
Instrumentation,Battery Charger
Instrumentation,Cable and Pipe Management
Instrumentation,Civils
Instrumentation,Control Equipment
Instrumentation,Data Logger
Instrumentation,Datum Plates and Markers
Instrumentation,Display
Instrumentation,Equipment Housing
Instrumentation,Fastenings
Instrumentation,Fixings
Instrumentation,Interface Module
Instrumentation,Measurement Scale
Instrumentation,Padlock or Lock
Instrumentation,Sensor
Instrumentation,Signal Conditioner
Instrumentation,Signal Splitter
Instrumentation,Stilling Tube
Instrumentation,Storage Rain Gauge
Instrumentation,Treads and Risers
Jetty,Access Point
Jetty,Access Strip
Jetty,Beams
Jetty,Bearing Piling
Jetty,Core
Jetty,Datum Plates and Markers
Jetty,Deck
Jetty,Exposed Face
Jetty,Exposed Toe
Jetty,External Features
Jetty,Fastenings
Jetty,Ladder
Jetty,Mast
Jetty,Mooring Point
Jetty,Navigation Light
Jetty,Padlock or Lock
Jetty,Piling
Jetty,Pillar
Jetty,Post
Jetty,Retaining Wall
Jetty,Service Pedestal
Jetty,Sheet Piling
Jetty,Substructure
Jetty,Treads and Risers
Jetty,Water Point
Lab Building,Access Strip
Lab Building,Alternator
Lab Building,Beams
Lab Building,Cable and Pipe Management
Lab Building,Ceiling
Lab Building,Civils
Lab Building,Climate Control
Lab Building,Distribution Board
Lab Building,Distribution Network Operator Feeder
Lab Building,Doors and Windows
Lab Building,Drainage System
Lab Building,Electrical System
Lab Building,Electricity Meter
Lab Building,Electricity Sub Meter
Lab Building,Equipment Mounting Board
Lab Building,External Features
Lab Building,External Walls
Lab Building,Fastenings
Lab Building,Fire Protection
Lab Building,Fixed Fall Arrest System
Lab Building,Fixings
Lab Building,Floor
Lab Building,Foundation
Lab Building,Frame
Lab Building,Fuel Cell
Lab Building,Gantry
Lab Building,Gas System
Lab Building,Grassed Elements
Lab Building,Habitat Enhancement
Lab Building,Heating System
Lab Building,Hydro Turbine
Lab Building,Incomer
Lab Building,Internal Features
Lab Building,Internal Walls
Lab Building,Ladder
Lab Building,Lighting
Lab Building,Maintenance Hole
Lab Building,Padlock or Lock
Lab Building,Planted Elements
Lab Building,Roller Shutters
Lab Building,Roof
Lab Building,Security Camera
Lab Building,Sewage Treatment System
Lab Building,Solar Panel
Lab Building,Substructure
Lab Building,Transformer
Lab Building,Treads and Risers
Lab Building,Uninterruptible Power Supply
Lab Building,Ventilation System
Lab Building,Waste Disposal System
Lab Building,Water Supply Plumbing System
Landing,Access Strip
Landing,Bearing Piling
Landing,Buoyancy Aid
Landing,Capping Beam
Landing,Deck
Landing,Fender
Landing,Floats
Landing,Habitat Enhancement
Landing,Landing Face
Landing,Mooring Point
Landing,Piling
Landing,Pump Out Point
Landing,Sheet Piling
Landing,Treads and Risers
Lock Island,Bearing Piling
Lock Island,Berm
Lock Island,Capping Beam
Lock Island,Channel Side
Lock Island,High Ground
Lock Island,Landward Face
Lock Island,Piling
Lock Island,Retaining Wall
Lock Island,Sheet Piling
Lock,Access Strip
Lock,Apron
Lock,Balance Beam
Lock,Balance Weight
Lock,Cill
Lock,Drive Assembly
Lock,Electrical System
Lock,Frame
Lock,Gantry
Lock,Gate Quoin
Lock,Ladder
Lock,Left Bank Wall
Lock,Lock Chamber
Lock,Lock Gate
Lock,Lock Gate Paddle
Lock,Right Bank Wall
Lock,Stoplogs and Lasherboards
Lock,Structural Steelwork
Lock,Treads and Risers
Lock,Walkway
Maintenance Building,Access Strip
Maintenance Building,Alternator
Maintenance Building,Beams
Maintenance Building,Cable and Pipe Management
Maintenance Building,Ceiling
Maintenance Building,Civils
Maintenance Building,Climate Control
Maintenance Building,Datum Plates and Markers
Maintenance Building,Distribution Board
Maintenance Building,Distribution Network Operator Feeder
Maintenance Building,Doors and Windows
Maintenance Building,Drainage System
Maintenance Building,Electrical System
Maintenance Building,Electricity Meter
Maintenance Building,Electricity Sub Meter
Maintenance Building,Equipment Mounting Board
Maintenance Building,External Features
Maintenance Building,External Walls
Maintenance Building,Fastenings
Maintenance Building,Fire Protection
Maintenance Building,Fixed Fall Arrest System
Maintenance Building,Fixings
Maintenance Building,Floor
Maintenance Building,Foundation
Maintenance Building,Frame
Maintenance Building,Fuel Cell
Maintenance Building,Gas System
Maintenance Building,Grassed Elements
Maintenance Building,Habitat Enhancement
Maintenance Building,Heating System
Maintenance Building,Hydro Turbine
Maintenance Building,Incomer
Maintenance Building,Internal Features
Maintenance Building,Internal Walls
Maintenance Building,Ladder
Maintenance Building,Lighting
Maintenance Building,Maintenance Hole
Maintenance Building,Padlock or Lock
Maintenance Building,Planted Elements
Maintenance Building,Roller Shutters
Maintenance Building,Roof
Maintenance Building,Security Camera
Maintenance Building,Sewage Treatment System
Maintenance Building,Solar Panel
Maintenance Building,Substructure
Maintenance Building,Transformer
Maintenance Building,Treads and Risers
Maintenance Building,Uninterruptible Power Supply
Maintenance Building,Ventilation System
Maintenance Building,Waste Disposal System
Maintenance Building,Water Supply Plumbing System
Mine Adit,Access Point
Mine Adit,Access Strip
Mine Adit,Animal Grid
Mine Adit,Borehole Cap
Mine Adit,Cable Management
Mine Adit,Casing
Mine Adit,Chamber
Mine Adit,Climate Control
Mine Adit,Common Controls
Mine Adit,Cover or Door
Mine Adit,Datum Plates and Markers
Mine Adit,Distribution Board
Mine Adit,Distribution Network Operator Feeder
Mine Adit,Electrical System
Mine Adit,Electricity Sub Meter
Mine Adit,Equipment Housing
Mine Adit,Expansion Joint
Mine Adit,External Walls
Mine Adit,Fastenings
Mine Adit,Fixings
Mine Adit,Floor
Mine Adit,Foundation
Mine Adit,Frame
Mine Adit,Grassed Elements
Mine Adit,Incomer
Mine Adit,Ladder
Mine Adit,Lifting Chains and Sprockets
Mine Adit,Lighting
Mine Adit,Maintenance Hole
Mine Adit,Measurement Scale
Mine Adit,Padlock or Lock
Mine Adit,Pipe
Mine Adit,Pipe Flange
Mine Adit,Pipe Sleeve
Mine Adit,Pipe T Piece
Mine Adit,Pipe Valve
Mine Adit,Pipework
Mine Adit,Planted Elements
Mine Adit,Relay Control
Mine Adit,Seals
Mine Adit,Shaft
Mine Adit,Solar Panel
Mine Adit,Struts and Bracing
Mine Adit,Substructure
Mine Adit,Transformer
Mine Adit,Treads and Risers
Mine Adit,Vertical Extended Spindle
Mine Adit,Wind Turbine
Mine Shaft,Access Point
Mine Shaft,Access Strip
Mine Shaft,Animal Grid
Mine Shaft,Borehole Cap
Mine Shaft,Cable Management
Mine Shaft,Casing
Mine Shaft,Chamber
Mine Shaft,Climate Control
Mine Shaft,Common Controls
Mine Shaft,Cover or Door
Mine Shaft,Datum Plates and Markers
Mine Shaft,Distribution Board
Mine Shaft,Distribution Network Operator Feeder
Mine Shaft,Electrical System
Mine Shaft,Electricity Sub Meter
Mine Shaft,Equipment Housing
Mine Shaft,Expansion Joint
Mine Shaft,External Walls
Mine Shaft,Fastenings
Mine Shaft,Fixings
Mine Shaft,Floor
Mine Shaft,Foundation
Mine Shaft,Frame
Mine Shaft,Grassed Elements
Mine Shaft,Incomer
Mine Shaft,Ladder
Mine Shaft,Lifting Chains and Sprockets
Mine Shaft,Lighting
Mine Shaft,Maintenance Hole
Mine Shaft,Measurement Scale
Mine Shaft,Padlock or Lock
Mine Shaft,Pipe
Mine Shaft,Pipe Flange
Mine Shaft,Pipe Sleeve
Mine Shaft,Pipe T Piece
Mine Shaft,Pipe Valve
Mine Shaft,Pipework
Mine Shaft,Planted Elements
Mine Shaft,Relay Control
Mine Shaft,Seals
Mine Shaft,Shaft
Mine Shaft,Solar Panel
Mine Shaft,Struts and Bracing
Mine Shaft,Substructure
Mine Shaft,Transformer
Mine Shaft,Treads and Risers
Mine Shaft,Vertical Extended Spindle
Mine Shaft,Wind Turbine
Monitoring Building,Access Strip
Monitoring Building,Alternator
Monitoring Building,Beams
Monitoring Building,Cable and Pipe Management
Monitoring Building,Ceiling
Monitoring Building,Civils
Monitoring Building,Climate Control
Monitoring Building,Datum Plates and Markers
Monitoring Building,Distribution Board
Monitoring Building,Distribution Network Operator Feeder
Monitoring Building,Doors and Windows
Monitoring Building,Drainage System
Monitoring Building,Electrical System
Monitoring Building,Electricity Meter
Monitoring Building,Electricity Sub Meter
Monitoring Building,Equipment Mounting Board
Monitoring Building,External Features
Monitoring Building,External Walls
Monitoring Building,Fastenings
Monitoring Building,Fire Protection
Monitoring Building,Fixed Fall Arrest System
Monitoring Building,Fixings
Monitoring Building,Floor
Monitoring Building,Foundation
Monitoring Building,Frame
Monitoring Building,Fuel Cell
Monitoring Building,Gas System
Monitoring Building,Grassed Elements
Monitoring Building,Habitat Enhancement
Monitoring Building,Heating System
Monitoring Building,Hydro Turbine
Monitoring Building,Incomer
Monitoring Building,Internal Features
Monitoring Building,Internal Walls
Monitoring Building,Ladder
Monitoring Building,Lighting
Monitoring Building,Maintenance Hole
Monitoring Building,Padlock or Lock
Monitoring Building,Planted Elements
Monitoring Building,Roller Shutters
Monitoring Building,Roof
Monitoring Building,Security Camera
Monitoring Building,Sewage Treatment System
Monitoring Building,Solar Panel
Monitoring Building,Substructure
Monitoring Building,Transformer
Monitoring Building,Treads and Risers
Monitoring Building,Uninterruptible Power Supply
Monitoring Building,Ventilation System
Monitoring Building,Waste Disposal System
Monitoring Building,Water Supply Plumbing System
Mooring,Access Strip
Mooring,Anchor and Chain
Mooring,Bearing Piling
Mooring,Buoyancy Aid
Mooring,Capping Beam
Mooring,Channel Side
Mooring,Deck
Mooring,Fender
Mooring,Floats
Mooring,Gantry
Mooring,Guide Pile
Mooring,Mooring Pile
Mooring,Mooring Point
Mooring,Navigation Light
Mooring,Piling
Mooring,Pump Out Point
Mooring,Service Pedestal
Mooring,Sheet Piling
Mooring,Slope
Mooring,Treads and Risers
Mooring,Water Point
Motor Control Centre Controls,Common Controls
Motor Control Centre Controls,Distribution Board
Motor Control Centre Controls,Distribution Network Operator Feeder
Motor Control Centre Controls,Electrical System
Motor Control Centre Controls,Electricity Meter
Motor Control Centre Controls,Electricity Sub Meter
Motor Control Centre Controls,Incomer
Motor Control Centre Controls,Modem
Motor Control Centre Controls,Network
Motor Control Centre Controls,Padlock or Lock
Motor Control Centre Controls,Programmable Logic Computers
Motor Control Centre Controls,Relay Control
Motor Control Centre Controls,Router
Motor Control Centre Controls,Starter
Motor Control Centre Controls,Transformer
Mudflats,Access Strip
Natural High Ground,Berm
Natural High Ground,Channel Side
Natural High Ground,High Ground
Natural High Ground,Shore
Natural Spring,Channel Bed
Natural Spring,Left Bank
Natural Spring,Left Berm
Natural Spring,Right Bank
Natural Spring,Right Berm
Navigation Boom,Anchor and Chain
Navigation Boom,Central Support Structure
Navigation Boom,Floats
Navigation Boom,Gantry
Navigation Boom,Guide Pile
Navigation Boom,Ladder
Navigation Boom,Left Bank Wall
Navigation Boom,Post
Navigation Boom,Right Bank Wall
Navigation Boom,Ropes
Navigation Signage,Civils
Navigation Signage,Electrical System
Navigation Signage,Equipment Housing
Navigation Signage,Foghorn
Navigation Signage,Navigation Light
Navigation Signage,Post
Navigation Signage,Sign
Navigation Signage,Solar Panel
Navigation Signage,Wind Turbine
Office Building,Access Strip
Office Building,Alternator
Office Building,Beams
Office Building,Cable and Pipe Management
Office Building,Ceiling
Office Building,Climate Control
Office Building,Datum Plates and Markers
Office Building,Distribution Board
Office Building,Distribution Network Operator Feeder
Office Building,Doors and Windows
Office Building,Drainage System
Office Building,Electrical System
Office Building,Electricity Meter
Office Building,Electricity Sub Meter
Office Building,Equipment Mounting Board
Office Building,External Features
Office Building,External Walls
Office Building,Fastenings
Office Building,Fire Protection
Office Building,Fixed Fall Arrest System
Office Building,Fixings
Office Building,Floor
Office Building,Foundation
Office Building,Frame
Office Building,Fuel Cell
Office Building,Gas System
Office Building,Grassed Elements
Office Building,Habitat Enhancement
Office Building,Heating System
Office Building,Hydro Turbine
Office Building,Incomer
Office Building,Internal Features
Office Building,Internal Walls
Office Building,Ladder
Office Building,Lighting
Office Building,Maintenance Hole
Office Building,Padlock or Lock
Office Building,Planted Elements
Office Building,Roller Shutters
Office Building,Roof
Office Building,Security Camera
Office Building,Sewage Treatment System
Office Building,Solar Panel
Office Building,Substructure
Office Building,Transformer
Office Building,Treads and Risers
Office Building,Uninterruptible Power Supply
Office Building,Ventilation System
Office Building,Waste Disposal System
Office Building,Water Supply Plumbing System
Open Channel,Channel Bed
Open Channel,Fish Guidance and Deterrents
Open Channel,Gantry
Open Channel,Left Bank
Open Channel,Left Berm
Open Channel,Right Bank
Open Channel,Right Berm
Open Channel,Silt Trap
Outfall,Actuator
Outfall,Apron
Outfall,Balance Weight
Outfall,Dampers
Outfall,Davit
Outfall,Downstream Headwall
Outfall,Fixed Fall Arrest System
Outfall,Flap Valve
Outfall,Frame
Outfall,Gantry
Outfall,Jib Crane
Outfall,Ladder
Outfall,Motor
Outfall,Overhead Crane
Outfall,Pet Flap
Outfall,Pipe
Outfall,Springs
Outfall,Stoplogs and Lasherboards
Outfall,Treads and Risers
Outfall,Upstream Headwall
Outfall,Winch
Pier,Access Point
Pier,Access Strip
Pier,Beams
Pier,Datum Plates and Markers
Pier,Deck
Pier,External Features
Pier,Fastenings
Pier,Ladder
Pier,Mast
Pier,Mooring Point
Pier,Navigation Light
Pier,Padlock or Lock
Pier,Pillar
Pier,Post
Pier,Substructure
Piezometer,Access Point
Piezometer,Access Strip
Piezometer,Animal Grid
Piezometer,Control Equipment
Piezometer,Cover or Hatch
Piezometer,Data Logger
Piezometer,Datum Plates and Markers
Piezometer,Davit
Piezometer,Daymark
Piezometer,Equipment Housing
Piezometer,Fastenings
Piezometer,Fixings
Piezometer,Foundation
Piezometer,Kerbs
Piezometer,Maintenance Hole
Piezometer,Measurement Scale
Piezometer,Outstation
Piezometer,Sensor
Piezometer,Treads and Risers
Precipitation Compound,Access Point
Precipitation Compound,Access Strip
Precipitation Compound,Animal Grid
Precipitation Compound,Central Well
Precipitation Compound,Civils
Precipitation Compound,Equipment Housing
Precipitation Compound,Foundation
Precipitation Compound,Kerbs
Precipitation Compound,Maintenance Hole
Precipitation Compound,Measurement Scale
Precipitation Compound,Outstation
Precipitation Compound,Padlock or Lock
Precipitation Compound,Solar Panel
Precipitation Compound,Treads and Risers
Precipitation Compound,Turf Wall
Precipitation Compound,Wind Turbine
Pressure System Assembly,Bellows
Pressure System Assembly,Common Controls
Pressure System Assembly,Draindown Fountain
Pressure System Assembly,Filter or Strainer
Pressure System Assembly,Motor
Pressure System Assembly,Pipework
Pressure System Assembly,Pressure Storage Vessel
Pressure System Assembly,Pressure System
Pressure System Assembly,Pressure System Valves
Pressure System Assembly,Pump
Pressure System Assembly,Sensor
Promenade,Balustrade
Promenade,Fill
Promenade,Foundation
Promenade,High Ground
Promenade,Road
PSRA Tree Site,Tree
PSRA Tree Site,Tree Group
Public Safety Control System,Edge Marking
Public Safety Control System,Fencing
Public Safety Control System,Hedgerow or Planting
Public Safety Control System,Navigation Markings
Public Safety Control System,Padlock or Lock
Public Safety Control System,PSRA Access
Public Safety Control System,PSRA Gate
Public Safety Control System,PSRA Screen
Public Safety Control System,PSRA Signage
Public Safety Control System,Public Safety Alert Device
Public Safety Control System,Rescue Equipment
Public Safety Control System,Safety Boom
Public Safety Control System,Safety Screen
Public Safety Control System,Security Barrier
Public Safety Control System,Security Camera
Pump Assembly,Actuator
Pump Assembly,Bellows
Pump Assembly,Cathodic Protection
Pump Assembly,Dampers
Pump Assembly,Draindown Fountain
Pump Assembly,Electricity Meter
Pump Assembly,Electricity Sub Meter
Pump Assembly,Filter or Strainer
Pump Assembly,Gearbox
Pump Assembly,Lifting Chains and Sprockets
Pump Assembly,Motor
Pump Assembly,Pipe Joint
Pump Assembly,Pipework
Pump Assembly,Pump
Pump Assembly,Pump Valves
Pump Assembly,Sensor
Pump Assembly,Springs
Pump Assembly,Surge Vessel
Pump Assembly,Vertical Extended Spindle
Pump House,Access Strip
Pump House,Actuator
Pump House,Alternator
Pump House,Animal Grid
Pump House,Automation Interface
Pump House,Band Screen
Pump House,Beams
Pump House,Cable and Pipe Management
Pump House,Ceiling
Pump House,Chain Blocks
Pump House,Chamber
Pump House,Civils
Pump House,Climate Control
Pump House,Data Logger
Pump House,Datum Plates and Markers
Pump House,Davit
Pump House,Distribution Board
Pump House,Distribution Network Operator Feeder
Pump House,Doors and Windows
Pump House,Drainage System
Pump House,Electrical System
Pump House,Electricity Meter
Pump House,Electricity Sub Meter
Pump House,Equipment Housing
Pump House,Equipment Mounting Board
Pump House,External Features
Pump House,External Walls
Pump House,Fastenings
Pump House,Fire Protection
Pump House,Fixed Fall Arrest System
Pump House,Fixings
Pump House,Floor
Pump House,Foundation
Pump House,Frame
Pump House,Fuel Cell
Pump House,Gantry
Pump House,Gas System
Pump House,Grassed Elements
Pump House,Habitat Enhancement
Pump House,Heating System
Pump House,Hydro Turbine
Pump House,Incomer
Pump House,Internal Features
Pump House,Internal Walls
Pump House,Jib Crane
Pump House,Kerbs
Pump House,Ladder
Pump House,Lighting
Pump House,Maintenance Hole
Pump House,Network
Pump House,Outlet
Pump House,Overhead Crane
Pump House,Padlock or Lock
Pump House,Planted Elements
Pump House,Roller Shutters
Pump House,Roof
Pump House,Ropes
Pump House,Router
Pump House,Security Camera
Pump House,Sewage Treatment System
Pump House,Solar Panel
Pump House,Stoplogs and Lasherboards
Pump House,Structural Steelwork
Pump House,Struts and Bracing
Pump House,Substructure
Pump House,Thrust Pit
Pump House,TopMark
Pump House,Transformer
Pump House,Treads and Risers
Pump House,Uninterruptible Power Supply
Pump House,Ventilation System
Pump House,Waste Disposal System
Pump House,Water Supply Plumbing System
Pump House,Winch
Pump House,Wind Turbine
Quay,Bearing Piling
Quay,Capping Beam
Quay,Davit
Quay,Deck
Quay,Exposed Face
Quay,Face Protection
Quay,Gantry
Quay,Jib Crane
Quay,Ladder
Quay,Lock Gate
Quay,Mooring Point
Quay,Overhead Crane
Quay,Pile Capping
Quay,Piling
Quay,Quay Face
Quay,Roundhead
Quay,Service Pedestal
Quay,Sheet Piling
Quay,Shore
Quay,Stem
Quay,Water Point
Ramp,Apron
Ramp,Balustrade
Ramp,Bearing Piling
Ramp,Bollard
Ramp,Handrail
Ramp,Navigation Light
Ramp,Piling
Ramp,Retaining Wall
Ramp,Slope
Ramp,Wheel Stop
Ramp,Winch
Residential Building,Access Strip
Residential Building,Alternator
Residential Building,Animal Grid
Residential Building,Balustrade
Residential Building,Beams
Residential Building,Cable and Pipe Management
Residential Building,Ceiling
Residential Building,Climate Control
Residential Building,Distribution Board
Residential Building,Distribution Network Operator Feeder
Residential Building,Doors and Windows
Residential Building,Drainage System
Residential Building,Electrical System
Residential Building,Electricity Meter
Residential Building,Electricity Sub Meter
Residential Building,Equipment Mounting Board
Residential Building,External Features
Residential Building,External Walls
Residential Building,Fastenings
Residential Building,Fire Protection
Residential Building,Fixed Fall Arrest System
Residential Building,Fixings
Residential Building,Floor
Residential Building,Foundation
Residential Building,Frame
Residential Building,Fuel Cell
Residential Building,Gas System
Residential Building,Grassed Elements
Residential Building,Habitat Enhancement
Residential Building,Handrail
Residential Building,Heating System
Residential Building,Hydro Turbine
Residential Building,Incomer
Residential Building,Internal Features
Residential Building,Internal Walls
Residential Building,Kerbs
Residential Building,Lighting
Residential Building,Maintenance Hole
Residential Building,Padlock or Lock
Residential Building,Roller Shutters
Residential Building,Roof
Residential Building,Security Camera
Residential Building,Sewage Treatment System
Residential Building,Solar Panel
Residential Building,Substructure
Residential Building,Transformer
Residential Building,Treads and Risers
Residential Building,Uninterruptible Power Supply
Residential Building,Ventilation System
Residential Building,Waste Disposal System
Residential Building,Water Supply Plumbing System
Residential Building,Wind Turbine
Salt Marsh,Salt Marsh Edge
Salt Marsh,Vegetation Cover
Sample or Survey Point,Access Strip
Sample or Survey Point,Datum Plates and Markers
Sample or Survey Point,Treads and Risers
Sand Bagging Equipment,Common Controls
Sand Bagging Equipment,Electrical System
Sand Bagging Equipment,Frame
Sand Bagging Equipment,Gearbox
Sand Bagging Equipment,Motor
Sand Bagging Equipment,Pressure System
Sand Trap,Chamber
Sand Trap,Cover or Hatch
Sand Trap,Fastenings
Sand Trap,Fixings
Sand Trap,Floor
Sand Trap,Foundation
Sand Trap,Inlet
Sand Trap,Internal Walls
Sand Trap,Ladder
Sand Trap,Outlet
Sand Trap,Padlock or Lock
Sand Trap,Struts and Bracing
Sand Trap,Treads and Risers
Security Screen,Central Support Structure
Security Screen,Davit
Security Screen,Frame
Security Screen,Gantry
Security Screen,Ladder
Security Screen,Left Bank Wall
Security Screen,Right Bank Wall
Security Screen,Screen
Security Screen,Silt Trap
Security Screen,Treads and Risers
Security Screen,Winch
Shelter,Access Point
Shelter,Access Strip
Shelter,Beams
Shelter,Cable and Pipe Management
Shelter,Ceiling
Shelter,Climate Control
Shelter,Deck
Shelter,Distribution Board
Shelter,Distribution Network Operator Feeder
Shelter,Doors and Windows
Shelter,Drainage System
Shelter,Electrical System
Shelter,Electricity Meter
Shelter,Electricity Sub Meter
Shelter,Equipment Mounting Board
Shelter,External Features
Shelter,External Walls
Shelter,Fastenings
Shelter,Fire Protection
Shelter,Fixings
Shelter,Floor
Shelter,Foundation
Shelter,Frame
Shelter,Gas System
Shelter,Grassed Elements
Shelter,Habitat Enhancement
Shelter,Heating System
Shelter,Incomer
Shelter,Internal Features
Shelter,Internal Walls
Shelter,Kerbs
Shelter,Lighting
Shelter,Maintenance Hole
Shelter,Mooring Point
Shelter,Padlock or Lock
Shelter,Planted Elements
Shelter,Pontoon
Shelter,Post
Shelter,Roof
Shelter,Security Camera
Shelter,Sewage Treatment System
Shelter,Solar Panel
Shelter,Substructure
Shelter,Transformer
Shelter,Treads and Risers
Shelter,Uninterruptible Power Supply
Shelter,Ventilation System
Shelter,Waste Disposal System
Shelter,Water Point
Shelter,Water Supply Plumbing System
Shelter,Wind Turbine
Signal,Civils
Signal,Daymark
Signal,Electrical System
Signal,Equipment Housing
Signal,Fastenings
Signal,Foghorn
Signal,Navigation Light
Signal,Positional Indicator
Signal,Post
Signal,Solar Panel
Signal,Surge Arrester
Signal,TopMark
Signal,Wind Turbine
Simple Culvert,Apron
Simple Culvert,Channel Bed
Simple Culvert,Culvert Barrel
Simple Culvert,Downstream Headwall
Simple Culvert,Maintenance Hole
Simple Culvert,Soffit
Simple Culvert,Upstream Headwall
Slipway,Apron
Slipway,Bearing Piling
Slipway,Bollard
Slipway,Navigation Light
Slipway,Piling
Slipway,Retaining Wall
Slipway,Slope
Slipway,Treads and Risers
Slipway,Wheel Stop
Slipway,Winch
Soil Moisture Tube,Access Point
Soil Moisture Tube,Access Strip
Soil Moisture Tube,Animal Grid
Soil Moisture Tube,Borehole Cap
Soil Moisture Tube,Cable Management
Soil Moisture Tube,Casing
Soil Moisture Tube,Chamber
Soil Moisture Tube,Climate Control
Soil Moisture Tube,Common Controls
Soil Moisture Tube,Cover or Door
Soil Moisture Tube,Datum Plates and Markers
Soil Moisture Tube,Distribution Board
Soil Moisture Tube,Distribution Network Operator Feeder
Soil Moisture Tube,Electrical System
Soil Moisture Tube,Electricity Sub Meter
Soil Moisture Tube,Equipment Housing
Soil Moisture Tube,Expansion Joint
Soil Moisture Tube,External Walls
Soil Moisture Tube,Fastenings
Soil Moisture Tube,Fixings
Soil Moisture Tube,Floor
Soil Moisture Tube,Foundation
Soil Moisture Tube,Frame
Soil Moisture Tube,Grassed Elements
Soil Moisture Tube,Incomer
Soil Moisture Tube,Ladder
Soil Moisture Tube,Lifting Chains and Sprockets
Soil Moisture Tube,Lighting
Soil Moisture Tube,Maintenance Hole
Soil Moisture Tube,Measurement Scale
Soil Moisture Tube,Padlock or Lock
Soil Moisture Tube,Pipe
Soil Moisture Tube,Pipe Flange
Soil Moisture Tube,Pipe Sleeve
Soil Moisture Tube,Pipe T Piece
Soil Moisture Tube,Pipe Valve
Soil Moisture Tube,Pipework
Soil Moisture Tube,Planted Elements
Soil Moisture Tube,Relay Control
Soil Moisture Tube,Seals
Soil Moisture Tube,Shaft
Soil Moisture Tube,Solar Panel
Soil Moisture Tube,Substructure
Soil Moisture Tube,Transformer
Soil Moisture Tube,Treads and Risers
Soil Moisture Tube,Vertical Extended Spindle
Soil Moisture Tube,Wind Turbine
Solar Farm,Access Point
Solar Farm,Access Strip
Solar Farm,Cable and Pipe Management
Solar Farm,Common Controls
Solar Farm,Distribution Board
Solar Farm,Distribution Network Operator Feeder
Solar Farm,Electrical System
Solar Farm,Electricity Meter
Solar Farm,Electricity Sub Meter
Solar Farm,Foundation
Solar Farm,Frame
Solar Farm,Incomer
Solar Farm,Solar Panel
Solar Farm,Surge Arrester
Solar Farm,Transformer
Spillway,Crest
Spillway,Downstream Face
Spillway,Funnel
Spillway,Pipe
Spillway,Upstream Face
Steps,Balustrade
Steps,Fastenings
Steps,Handrail
Steps,Treads and Risers
Stilling Basin,Chamber
Stilling Basin,Outlet
Stilling Basin,Treads and Risers
Stilling Well,Antenna
Stilling Well,Cable and Pipe Management
Stilling Well,Chamber
Stilling Well,Cover or Hatch
Stilling Well,Drainage System
Stilling Well,Expansion Joint
Stilling Well,Fastenings
Stilling Well,Fixings
Stilling Well,Floor
Stilling Well,Foundation
Stilling Well,Frame
Stilling Well,Inlet
Stilling Well,Internal Features
Stilling Well,Ladder
Stilling Well,Lifting Chains and Sprockets
Stilling Well,Lifting Ropes and Drums
Stilling Well,Measurement Scale
Stilling Well,Outlet
Stilling Well,Padlock or Lock
Stilling Well,Pipe
Stilling Well,Pipe Valve
Stilling Well,Pump Out Point
Stilling Well,Seals
Stilling Well,Struts and Bracing
Stilling Well,Substructure
Stilling Well,Treads and Risers
Storage Location,Ceiling
Storage Location,Holding
Storage Location,Treads and Risers
Surface Water Tank,Access Point
Surface Water Tank,Access Strip
Surface Water Tank,Balustrade
Surface Water Tank,Beams
Surface Water Tank,Bund
Surface Water Tank,Camera
Surface Water Tank,Chamber
Surface Water Tank,Cover or Hatch
Surface Water Tank,Display
Surface Water Tank,Equipment Housing
Surface Water Tank,Foundation
Surface Water Tank,Frame
Surface Water Tank,Handrail
Surface Water Tank,Inlet
Surface Water Tank,Ladder
Surface Water Tank,Measurement Scale
Surface Water Tank,Outlet
Surface Water Tank,Padlock or Lock
Surface Water Tank,Pipe
Surface Water Tank,Pipe Flange
Surface Water Tank,Pipe Sleeve
Surface Water Tank,Pipe T Piece
Surface Water Tank,Pipe Valve
Surface Water Tank,Sensor
Surface Water Tank,Substructure
Surface Water Tank,Treads and Risers
Telecommunications,Cable Management
Telecommunications,Equipment Mounting Board
Telecommunications,Fixings
Telecommunications,Master Socket
Telecommunications,Padlock or Lock
Telemetry System,Antenna
Telemetry System,Battery
Telemetry System,Battery Charger
Telemetry System,Cable and Pipe Management
Telemetry System,Charge Controller
Telemetry System,Civils
Telemetry System,Climate Control
Telemetry System,Common Controls
Telemetry System,Control Equipment
Telemetry System,Data Card
Telemetry System,Data Logger
Telemetry System,Datum Plates and Markers
Telemetry System,Distribution Board
Telemetry System,Distribution Network Operator Feeder
Telemetry System,Electrical System
Telemetry System,Electricity Meter
Telemetry System,Electricity Sub Meter
Telemetry System,Equipment Housing
Telemetry System,Equipment Mounting Board
Telemetry System,Fastenings
Telemetry System,Fixings
Telemetry System,Foundation
Telemetry System,Incomer
Telemetry System,Ladder
Telemetry System,Lighting
Telemetry System,Measurement Scale
Telemetry System,Modem
Telemetry System,Network
Telemetry System,Outstation
Telemetry System,Padlock or Lock
Telemetry System,Pipe
Telemetry System,Post
Telemetry System,Programmable Logic Computers
Telemetry System,Relay Control
Telemetry System,Router
Telemetry System,Security Camera
Telemetry System,Solar Panel
Telemetry System,Stilling Tube
Telemetry System,Surge Arrester
Telemetry System,Transformer
Telemetry System,Treads and Risers
Telemetry System,Uninterruptible Power Supply
Telemetry System,Wind Turbine
Utility Services Crossing,Abutment
Utility Services Crossing,Channel Bed
Utility Services Crossing,Pillar
Utility Services Crossing,Span
Vehicle Access Road,Access Point
Vehicle Access Road,Access Strip
Vehicle Access Road,Bollard
Vehicle Access Road,Datum Plates and Markers
Vehicle Access Road,Drainage Ditch
Vehicle Access Road,Drainage System
Vehicle Access Road,Foundation
Vehicle Access Road,Grassed Elements
Vehicle Access Road,Kerbs
Vehicle Access Road,Lighting
Vehicle Access Road,Planted Elements
Vehicle Access Road,Road
Vehicle Access Road,Security Barrier
Vehicle Access Road,Slope
Vehicle Access Road,Substructure
Vehicle Access Road,Swale
Visitor Centre,Access Strip
Visitor Centre,Alternator
Visitor Centre,Balustrade
Visitor Centre,Beams
Visitor Centre,Cable and Pipe Management
Visitor Centre,Ceiling
Visitor Centre,Climate Control
Visitor Centre,Distribution Board
Visitor Centre,Distribution Network Operator Feeder
Visitor Centre,Doors and Windows
Visitor Centre,Drainage System
Visitor Centre,Electrical System
Visitor Centre,Electricity Meter
Visitor Centre,Electricity Sub Meter
Visitor Centre,Equipment Mounting Board
Visitor Centre,External Features
Visitor Centre,External Walls
Visitor Centre,Fastenings
Visitor Centre,Fire Protection
Visitor Centre,Fixed Fall Arrest System
Visitor Centre,Fixings
Visitor Centre,Floor
Visitor Centre,Foundation
Visitor Centre,Frame
Visitor Centre,Fuel Cell
Visitor Centre,Gas System
Visitor Centre,Grassed Elements
Visitor Centre,Habitat Enhancement
Visitor Centre,Handrail
Visitor Centre,Heating System
Visitor Centre,Hydro Turbine
Visitor Centre,Incomer
Visitor Centre,Internal Features
Visitor Centre,Internal Walls
Visitor Centre,Lighting
Visitor Centre,Maintenance Hole
Visitor Centre,Padlock or Lock
Visitor Centre,Planted Elements
Visitor Centre,Roller Shutters
Visitor Centre,Roof
Visitor Centre,Security Camera
Visitor Centre,Sewage Treatment System
Visitor Centre,Solar Panel
Visitor Centre,Substructure
Visitor Centre,Transformer
Visitor Centre,Treads and Risers
Visitor Centre,Uninterruptible Power Supply
Visitor Centre,Ventilation System
Visitor Centre,Waste Disposal System
Visitor Centre,Water Point
Visitor Centre,Water Supply Plumbing System
Vortex Flow Control,Apron
Vortex Flow Control,Downstream Headwall
Vortex Flow Control,Treads and Risers
Vortex Flow Control,Upstream Headwall
Vortex Flow Control,Vortex
Wall,Access Strip
Wall,Bearing Piling
Wall,Berm
Wall,Capping Beam
Wall,Channel Side
Wall,Coping
Wall,Core
Wall,Crest
Wall,Expansion Joint
Wall,Exposed Face
Wall,Exposed Toe
Wall,Fill
Wall,Foundation
Wall,Glass Panel
Wall,Glass Panel Frame
Wall,Ground Anchors
Wall,Landward Face
Wall,Landward Toe
Wall,Piling
Wall,Property Level Resilience
Wall,Seals
Wall,Sheet Piling
Wall,Shore
Wall,Splash Deck
Wall,Splash Wall
Warning Flag,Flag
Warning Flag,Post
Water Baffles,Baffles
Water Baffles,Channel
Water Baffles,Treads and Risers
Water Distribution Pipeline,Foundation
Water Distribution Pipeline,Isolation Flange
Water Distribution Pipeline,Maintenance Hole
Water Distribution Pipeline,Pipe Flange
Water Distribution Pipeline,Pipe Sleeve
Water Distribution Pipeline,Pipe T Piece
Water Distribution Pipeline,Pipe Valve
Water Distribution Pipeline,Pipework
Water Distribution Pipeline,Seals
Water Distribution Pipeline,Treads and Risers
Water Storage Area,Access Strip
Water Storage Area,Animal Grid
Water Storage Area,Channel Bed
Water Storage Area,Fish Guidance and Deterrents
Water Storage Area,Grassed Elements
Water Storage Area,Habitat Enhancement
Water Storage Area,Inlet
Water Storage Area,Ladder
Water Storage Area,Outlet
Water Storage Area,Planted Elements
Water Storage Area,Pontoon
Water Storage Area,Vegetation Cover
Watermill,Alternator
Watermill,Ceiling
Watermill,Climate Control
Watermill,Doors and Windows
Watermill,External Features
Watermill,Fire Protection
Watermill,Floor
Watermill,Foundation
Watermill,Frame
Watermill,Fuel Cell
Watermill,Hydro Turbine
Watermill,Internal Features
Watermill,Lighting
Watermill,Roller Shutters
Watermill,Roof
Watermill,Security Camera
Watermill,Solar Panel
Watermill,Treads and Risers
Watermill,Uninterruptible Power Supply
Watermill,Water Wheel
Weir,Access Point
Weir,Access Strip
Weir,Actuator
Weir,Apron
Weir,Bearing Piling
Weir,Capping Beam
Weir,Central Support Structure
Weir,Crest
Weir,Datum Plates and Markers
Weir,Davit
Weir,Daymark
Weir,Downstream Face
Weir,Drive Assembly
Weir,Expansion Joint
Weir,Exposed Face
Weir,Gantry
Weir,Guide Pile
Weir,Ladder
Weir,Left Bank Wall
Weir,Mooring Point
Weir,Navigation Light
Weir,Paddles and Rymers
Weir,Pile Capping
Weir,Piling
Weir,Right Bank Wall
Weir,Sheet Piling
Weir,Stoplogs and Lasherboards
Weir,Treads and Risers
Weir,Upstream Face
Weir,Waling
Weir,Weir Plate
Well,Access Point
Well,Access Strip
Well,Chamber
Well,Equipment Housing
Well,Fixings
Well,Inlet
Well,Internal Features
Well,Ladder
Well,Maintenance Hole
Well,Outlet
Well,Padlock or Lock
Well,Pipe
Well,Pipework
Well,Pump Out Point
Well,Seals
Well,Treads and Risers
Wind Power Generator,Access Strip
Wind Power Generator,Alternator
Wind Power Generator,Cable and Pipe Management
Wind Power Generator,Common Controls
Wind Power Generator,Control Equipment
Wind Power Generator,Distribution Board
Wind Power Generator,Distribution Network Operator Feeder
Wind Power Generator,Drive Assembly
Wind Power Generator,Electrical System
Wind Power Generator,Electricity Meter
Wind Power Generator,Electricity Sub Meter
Wind Power Generator,Equipment Housing
Wind Power Generator,Foundation
Wind Power Generator,Incomer
Wind Power Generator,Ladder
Wind Power Generator,Mast
Wind Power Generator,Starter
Wind Power Generator,Transformer
Wind Power Generator,Wind Turbine
Promenade,Splash Wall
Promenade,Exposed Toe
Promenade,Exposed Face
Promenade,Shore
Engineered High Ground,Toe Protection
